"植生区分コード","群落コード","群落名","集約群落コード","自然度コード"
"01","10100","高山低木群落","10100","09"
"01","10100A","高山低木群落","10100","09"
"01","10101B","コケモモ－ハイマツ群集","10100","09"
"01","10101C","ハイマツ－コケモモ群集","10100","09"
"01","10102D","ミネヤナギ群落","10100","09"
"01","10102E","ミヤマハンノキ群落","10100","09"
"01","10200","高山ハイデ及び風衝草原","10200","10"
"01","10200A","高山ハイデ及び風衝草原","10200","10"
"01","10200D","エゾマメヤナギ－エゾオヤマノエンドウ群集","10200","10"
"01","10200G","イタドリ－コメススキ群落","10200","10"
"01","10201B","コメバツガザクラ－ミネズオウ群集","10200","10"
"01","10202E","オヤマノエンドウ－ヒゲハリスゲ群集","10200","10"
"01","10203C","コマクサ－イワツメクサクラス","10200","10"
"01","10203H","イワツメクサ群落","10200","10"
"01","10204I","フジハタザオ－オンタデ群集","10200","10"
"01","10205F","イワオウギ－タイツリオウギ群集","10200","10"
"01","10300","雪田草原","10300","10"
"01","10300A","ミヤマクロスゲ－チシマクモマグサ群集","10300","10"
"01","10300B","エゾツガザクラ－チングルマ群落","10300","10"
"01","10300D","トカチフウロ亜群集","10300","10"
"01","10300E","エゾコザクラ亜群集","10300","10"
"01","10300F","アオノツガザクラ亜群集","10300","10"
"01","10300G","ミヤマキンポウゲ群落","10300","10"
"01","10300H","バイケイソウ－ミヤマイ群落","10300","10"
"01","10300J","ミヤマイ群集","10300","10"
"01","10300M","雪田植生","10300","10"
"01","10301I","タカネヤハズハハコ－アオノツガザクラ群集","10300","10"
"01","10301L","アオノツガザクラ群団","10300","10"
"01","10302C","ミヤマイ－ハクサンボウフウ群集","10300","10"
"01","10304K","ショウジョウスゲ－イワイチョウ群集","10300","10"
"02","20100","エゾマツ－トドマツ群集","20100","09"
"02","20200","アカエゾマツ群集","20200","09"
"02","20300","イチイ－トドマツ群集","20300","09"
"02","20400","エゾマツ－ダケカンバ群落","20400","09"
"02","20500","シラビソ－トウヒ群団","20500","09"
"02","20501","オオシラビソ群集","20501","09"
"02","20501A","オオシラビソ群集","20501","09"
"02","20501B","アオモリトドマツ群落","20501","09"
"02","20501C","オオシラビソ－ブナ群落","20501","09"
"02","20502","シラビソ－オオシラビソ群集","20502","09"
"02","20502A","シラビソ－オオシラビソ群集","20502","09"
"02","20502B","シコクシラベ群集","20502","09"
"02","20503","コメツガ群落","20503","09"
"02","20503A","コメツガ群落","20503","09"
"02","20600","ササ－ダケカンバ群落","20600","09"
"02","20600A","ササ－ダケカンバ群落","20600","09"
"02","20600B","ダケカンバ－ササ群落","20600","09"
"02","20700","カラマツ群落","20700","09"
"02","20800","ミドリユキザサ－ダケカンバ群団","20800","09"
"02","20800A","ミドリユキザサ－ダケカンバ群団","20800","09"
"02","20800B","ダケカンバ－ハイマツ群落","20800","09"
"02","20800C","ダケカンバ－イワノガリヤス群落","20800","09"
"02","20800D","ミヤマハンノキ－ダケカンバ群落","20800","09"
"02","20800E","ミヤマハンノキ群落","20800","09"
"02","20800F","ミヤマハンノキ－ダケカンバ群集","20800","09"
"02","20900","キャラボク群落","20900","09"
"02","21001","シナノキンバイ－ミヤマキンポウゲ群団","21001","09"
"02","21001A","シナノキンバイ－ミヤマキンポウゲ群団","21001","09"
"02","21001B","シナノキンバイ－ミヤマキンポウゲ群落","21001","09"
"02","21100","ササ自然草原","21100","10"
"02","21100A","ササ自然草原","21100","10"
"02","21100B","チシマザサ－オクノカンスゲ群集","21100","10"
"02","21100D","ササ群落","21100","10"
"02","21101C","チシマザサ群落","21100","10"
"02","21300","ウラジロヨウラク－ミヤマナラ群団","21300","09"
"02","21300A","ウラジロヨウラク－ミヤマナラ群団","21300","09"
"02","21300B","ミヤマナラ群落","21300","09"
"02","21300C","ナナカマド－ミネカエデ群落","21300","09"
"02","21400","オオシラビソ－ダケカンバ林","21400","09"
"03","30100","ササ群落","30100","05"
"03","30100A","ササ群落","30100","05"
"03","30100B","チシマザサ二次群落","30100","05"
"03","30101C","チシマザサ群落","30100","05"
"03","30102D","クマイザサ群落","30100","05"
"03","30200","ヒゲノガリヤス群落","30200","05"
"03","30300","伐跡群落","30300","04"
"03","30300A","伐跡群落","30300","04"
"03","30300B","伐採跡群落","30300","04"
"03","30300C","伐採跡地に成立した二次林","30301","07"
"03","30400","ダケカンバ群落","30400","08"
"04","40100","チシマザサ－ブナ群団","40100","09"
"04","40100A","チシマザサ－ブナ群団","40100","09"
"04","40100B","ブナ－チシマザサ群落","40100","09"
"04","40100C","ブナ－チシマザサ群集","40100","09"
"04","40100D","オオシラビソ－ブナ群落","40100","09"
"04","40101","ヒメアオキ－ブナ群集","40101","09"
"04","40102","クロモジ－ブナ群集","40102","09"
"04","40103","マルバマンサク－ブナ群集","40103","09"
"04","40104","スギ－ブナ群落","40104","09"
"04","40200","スズタケ－ブナ群団","40200","09"
"04","40200A","スズタケ－ブナ群団","40200","09"
"04","40200B","ブナ－スズタケ群団","40200","09"
"04","40201","ヤマボウシ－ブナ群集","40201","09"
"04","40201A","ヤマボウシ－ブナ群集","40201","09"
"04","40201B","ブナ－ツクバネウツギ群集","40201","09"
"04","40201C","ブナ－ミヤコザサ群集","40201","09"
"04","40201D","ブナ－ヤマボウシ群集","40201","09"
"04","40202","ツクシシャクナゲ－ブナ群集","40202","09"
"04","40202A","ツクシシャクナゲ－ブナ群集","40202","09"
"04","40202B","ブナ－ツクシシャクナゲ群集","40202","09"
"04","40202C","オオマルバノテンニンソウ－ブナ群落","40202","09"
"04","40203","イヌブナ群集","40203","09"
"04","40203A","イヌブナ群集","40203","09"
"04","40203B","イヌブナ－チャボガヤ群集","40203","09"
"04","40203C","イヌブナ群落","40203","09"
"04","40203D","コハクウンボク－イヌブナ群集","40203","09"
"04","40204","オオモミジガサ－ブナ群集","40204","09"
"04","40204B","ブナ－オオモミジガサ群集","40204","09"
"04","40208","ツガ－コカンスゲ群集","40208","09"
"04","40208B","アケボノツツジ－ツガ群集","40208","09"
"04","40210C","ブナ－スズタケ群集","40200","09"
"04","40214","シラキ－ブナ群集","40214","09"
"04","40214A","シラキ－ブナ群集","40214","09"
"04","40214B","コハウチワカエデ－ケクロモジ群落","40214","09"
"04","40214C","コミネカエデ－ナナカマド群集","40214","09"
"04","40300","エゾイタヤ－シナノキ群落","40300","09"
"04","40300A","エゾイタヤ－シナノキ群落","40300","09"
"04","40300B","ミズナラ群落","40300","09"
"04","40300C","エゾイタヤ群落","40300","09"
"04","40300D","エゾイタヤ－シナノキ群集","40300","09"
"04","40400","ウラジロモミ群落","40400","09"
"04","40500","ヒノキアスナロ群落","40500","09"
"04","40500A","ヒノキアスナロ群落","40500","09"
"04","40501B","アスナロ群落","40500","09"
"04","40600","ヒノキ群落","40600","09"
"04","40600A","ヒノキ群落","40600","09"
"04","40601C","ヒノキ－シノブカグマ群集","40600","09"
"04","40602B","ヒノキ－シャクナゲ群集","40600","09"
"04","40700","クロベ－ヒメコマツ群落","40700","09"
"04","40700A","クロベ－ヒメコマツ群落","40700","09"
"04","40700C","アカミノイヌツゲ－クロベ群集","40700","09"
"04","40700D","キタゴヨウ－クロベ群落","40700","09"
"04","40700E","ヒメコマツ－クロベ群落","40700","09"
"04","40700F","クロベ群落","40700","09"
"04","40700G","クロベ－キタゴヨウ群落","40700","09"
"04","40702B","ヒメコマツ群落","40700","09"
"04","40800","アカマツ群落","40800","09"
"04","40800B","アカマツ－ヒメコマツ群落","40800","09"
"04","40900","ジュウモンジシダ－サワグルミ群集","40900","09"
"04","40900A","ジュウモンジシダ－サワグルミ群集","40900","09"
"04","40900B","サワグルミ－ジュウモンジシダ群集","40900","09"
"04","40900C","ジュウモンジシダ－サワグルミ群落","40900","09"
"04","40900D","オニグルミ群落","40900","09"
"04","40900E","サワグルミ－カツラ群落","40900","09"
"04","40900F","サワグルミ群団","40900","09"
"04","41000","ミヤマクマワラビ－シオジ群集","41000","09"
"04","41000A","ミヤマクマワラビ－シオジ群集","41000","09"
"04","41000B","シオジ－ミヤマクマワラビ群集","41000","09"
"04","41100","ハルニレ群集","41100","09"
"04","41100A","ハルニレ群集","41100","09"
"04","41100B","ハルニレ群落","41100","09"
"04","41200","ヤナギ高木群落","41200","09"
"04","41200A","ヤナギ高木群落","41200","09"
"04","41200B","ヤナギ高木林","41200","09"
"04","41201","ドロノキ－オオバヤナギ群落","41201","09"
"04","41201A","ドロノキ－オオバヤナギ群落","41201","09"
"04","41201B","オオバヤナギ－ドロノキ群集","41201","09"
"04","41201C","ドロノキ－オオバヤナギ群集","41201","09"
"04","41202","ケショウヤナギ群落","41202","09"
"04","41203","シロヤナギ群集","41203","09"
"04","41203B","シロヤナギ群集","41203","09"
"04","41300","ヤナギ低木群落","41300","09"
"04","41300A","ヤナギ低木群落","41300","09"
"04","41300B","ヤナギ低木林","41300","09"
"04","41400","ハンノキ－ヤチダモ群集","41400","09"
"04","41400A","ハンノキ－ヤチダモ群集","41400","09"
"04","41400B","ヤチダモ－ハシドイ群落","41400","09"
"04","41400C","ヤチダモ群落","41400","09"
"04","41400D","ヤチダモ－ハシドイ群集","41400","09"
"04","41500","ハンノキ群落","41500","09"
"04","41600","ヤマハンノキ群落","41600","09"
"04","41700","自然低木群落","41700","09"
"04","41700A","自然低木群落","41700","09"
"04","41700B","自然低木林","41700","09"
"04","41700C","山地低木林","41700","09"
"04","41701B","ミズナラ－リョウブ群集","43000","09"
"04","41701C","ヤマボウシ群落","43000","09"
"04","41702","カシワ群落","41702","09"
"04","41703","ヒメヤシャブシ－タニウツギ群落","41703","09"
"04","41703A","ヒメヤシャブシ－タニウツギ群落","41703","09"
"04","41703B","ダイセンヤナギ－タニウツギ群落","41703","09"
"04","41704","ミヤマキリシマ－マイズルソウ群集","41704","09"
"04","41704B","ミヤマキリシマ群落","41704","09"
"04","41705","コメツツジ群落","41705","09"
"04","41709","ヤシャブシ群落","41709","09"
"04","41800","自然草原","41800","10"
"04","41800A","自然草原","41800","10"
"04","41800B","風衝草原","41800","10"
"04","41800C","高茎草原","41800","10"
"04","41800D","ミクラザサ群落","41800","10"
"04","41801","フジアカショウマ－シモツケソウ群集","41801","10"
"04","41802","フジアザミ－ヤマホタルブクロ群集","41802","10"
"04","41803","シマノガリヤス－シマキンレイカ群集","41803","10"
"04","41806","オオヨモギ－オオイタドリ群団","41806","10"
"04","41806B","山地帯高茎草原","41806","10"
"04","41900","イヌシデ－アカシデ自然林","41900","09"
"04","41900A","イヌシデ－アカシデ自然林","41900","09"
"04","41900B","イヌシデ－アカシデ群落","41900","09"
"04","42000","イワシデ群落","42000","09"
"04","42002B","オオヒメツゲ－サイゴクイボタ群集","42000","09"
"04","42400","イタドリ－コメススキ群落","42400","10"
"04","42400A","イタドリ－コメススキ群落","42400","10"
"04","42400B","火山荒原及び硫気孔原植生","42400","10"
"04","42500","ケヤキ群落","42500","09"
"04","42500A","ケヤキ群落","42500","09"
"04","42500D","ヒメウワバミソウ－ケヤキ群集","42500","09"
"04","42502C","アサガラ－コクサギ群落","42500","09"
"04","42600","下部針広混交林","42600","09"
"04","42700","スギ－ツガ群落","42700","09"
"04","42800","オオイタヤメイゲツ－ミヤマカタバミ群落","42800","09"
"04","42800B","オオイタヤメイゲツ－ミヤマカタバミ群集","42800","09"
"04","42900","ヒノキアスナロ群落及びクロベ－キタゴヨウ群落","42900","09"
"04","43000","ミズナラ－リョウブ群落","43000","09"
"04","43000A","ミズナラ－リョウブ群落","43000","09"
"04","43000D","リョウブ－ミズナラ群落","43000","09"
"04","43100","ヤマグルマ群落","43100","09"
"04","43100B","ヤマグルマ－ヒカゲツツジ群落","43100","09"
"04","43300","ウラジロモミ－コメツガ群落","43300","09"
"04","43300B","ウラジロモミ－コメツガ群落、ハリモミ群落","43300","09"
"04","43400","フサザクラ－タマアジサイ群集","43400","10"
"04","43400B","タマアジサイ－フサザクラ群集、ヤシャブシ群落","43400","10"
"04","43500","岩ぺき植生","43500","10"
"04","43600","シロモジ－ノリウツギ群落","43600","09"
"04","43700","石灰岩植生","43700","09"
"05","50100","ブナ－ミズナラ群落","50100","08"
"05","50100A","ブナ－ミズナラ群落","50100","08"
"05","50100B","ウダイカンバ群落","50100","08"
"05","50200","カシワ－ミズナラ群落","50200","08"
"05","50200A","カシワ－ミズナラ群落","50200","08"
"05","50200B","ミズナラ－カシワ－コナラ群落","50200","08"
"05","50200C","カシワ群落","50200","08"
"05","50300","クリ－ミズナラ群落","50300","07"
"05","50300A","クリ－ミズナラ群落","50300","07"
"05","50300B","ミズナラ－クリ群落","50300","07"
"05","50300D","シロモジ群集","50300","07"
"05","50300E","ミズナラ群落","50300","07"
"05","50300F","コナラ群落","50300","07"
"05","50300G","リョウブ群落","50300","07"
"05","50300H","ヘビノネゴザ群落","50300","07"
"05","50300I","クリ－ミズナラ群落及びカスミザクラ－コナラ群落","50300","07"
"05","50300J","リョウブ－ミズナラ群落","50300","07"
"05","50302C","カスミザクラ－コナラ群落","50300","07"
"05","50400","アカシデ－イヌシデ群落","50400","07"
"05","50400A","アカシデ－イヌシデ群落","50400","07"
"05","50400B","イヌシデ－アカシデ群落","50400","07"
"05","50400E","クマシデ－コガクウツギ群集","50400","07"
"05","50400F","アカシデ群落","50400","07"
"05","50400G","スズタケ－アカシデ群落","50400","07"
"05","50403D","クマシデ群落","50400","07"
"05","50500","シラカンバ群落","50500","07"
"05","50500A","シラカンバ群落","50500","07"
"05","50501B","シラカンバ－ササ群落","50500","07"
"05","50502C","シラカンバ－レンゲツツジ群落","50500","07"
"05","50502D","レンゲツツジ－シラカンバ群落","50500","07"
"05","50600","アカマツ群落","50600","07"
"05","50600A","アカマツ群落","50600","07"
"05","50600B","アカマツ二次群落","50600","07"
"05","50700","ニシキウツギ－ノリウツギ群落","50700","07"
"05","50700A","ニシキウツギ－ノリウツギ群落","50700","07"
"05","50700B","タニウツギ－ノリウツギ群落","50700","07"
"05","50700C","ノリウツギ－タニウツギ群落","50700","07"
"05","50800","ツクシウツギ－ノリウツギ群落","50800","05"
"05","50800A","ツクシウツギ－ノリウツギ群落","50800","05"
"05","50800B","ノリウツギ－ヤマカモジグサ群集","50800","05"
"05","50900","ササ草原","50900","05"
"05","50900A","ササ草原","50900","05"
"05","50900E","スズタケ群落","50900","05"
"05","50901B","ミヤコザサ群落","50900","05"
"05","50902C","チシマザサ－クマイザサ群落","50900","05"
"05","50903D","ハコネダケ群落","50900","05"
"05","50905F","チマキザサ群落","50900","05"
"05","51000","ススキ群団","51000","05"
"05","51000A","ススキ群団","51000","05"
"05","51000B","ススキ草原","51000","05"
"05","51000C","ススキ群落","51000","05"
"05","51000H","ススキ－キオン群落","51000","05"
"05","51000I","ススキ群団、ススキ－ホクチアザミ群落","51000","05"
"05","51001D","ススキ－エゾヤマハギ群落","51000","05"
"05","51002E","カワラマツバ－ススキ群落","51000","05"
"05","51003F","ススキ－ホクチアザミ群落","51000","05"
"05","51004K","ススキ－ヤマトラノオ群落","51000","05"
"05","51005G","ススキ－ミヤマキリシマ群落","51000","05"
"05","51008","ノハナショウブ－ススキ群集","51008","05"
"05","51009J","ススキ－ダイセンミツバツツジ群落","51000","05"
"05","51100","シバ群団","51100","04"
"05","51100A","シバ群団","51100","04"
"05","51100B","シバ草原","51100","04"
"05","51200","ナガハグサ群落","51200","04"
"05","51400","伐跡群落","51400","04"
"05","51400A","伐跡群落","51400","04"
"05","51400C","伐採跡地に成立した二次林","51401","07"
"05","51400D","伐採跡群落","51400","04"
"05","51400F","伐跡群集","51400","04"
"05","51400G","ナガバモミジイチゴ－クマイチゴ群落","51400","04"
"05","51402B","タラノキ－クマイチゴ群落","51400","04"
"05","51500","オオアワダチソウ－オオハンゴンソウ群落","51500","02"
"05","51600","コウヤマキ群落","51600","07"
"05","51700","ハシドイ群落","51700","07"
"05","51800","ススキ群団及びシバ群団","51800","04"
"05","51900","クズ群落","51900","04"
"05","52000","スギ－落葉広葉樹林群落","52000","07"
"05","52100","種々草原","52100","05"
"05","52200","カナクギノキ－ツクシヤブウツギ群落","52200","07"
"05","52300","ヤマヤナギ－ツクシヤブウツギ群団","52300","07"
"06","60100","モミ－シキミ群集","60100","09"
"06","60100A","モミ－シキミ群集","60100","09"
"06","60100B","シキミ－モミ群集","60100","09"
"06","60100C","スギ群落","60100","09"
"06","60100E","スギ天然林","60100","09"
"06","60100F","ヒメコマツ群落","60100","09"
"06","60100G","モミ林","60100","09"
"06","60100H","コガクウツギ－モミ群集","60100","09"
"06","60202","ツガ－ハイノキ群集","60202","09"
"06","60202A","ツガ－ハイノキ群集","60202","09"
"06","60202B","ハイノキ－ツガ群落","60202","09"
"06","60202C","ツガ－トガサワラ群落","60202","09"
"06","60202D","ツガ－コカンスゲ群集","60202","09"
"06","60202E","コカンスゲ－ツガ群集","60202","09"
"06","60202F","ツガ群落","60202","09"
"06","60202G","ハイノキ－ツガ群集","60202","09"
"06","60300","ヒメアオキ－ウラジロガシ群集","60300","09"
"06","60300B","ウラジロガシ－ヒメアオキ群集","60300","09"
"06","60400","サカキ－ウラジロガシ群集","60400","09"
"06","60400A","サカキ－ウラジロガシ群集","60400","09"
"06","60400B","ウラジロガシ－サカキ群集","60400","09"
"06","60400C","サカキ－ウラジロガシ群落","60400","09"
"06","60401","イスノキ－ウラジロガシ群集","60401","09"
"06","60401A","イスノキ－ウラジロガシ群集","60401","09"
"06","60401B","アカガシ群落","60401","09"
"06","60404C","アカガシ－ミヤマシキミ群集","60401","09"
"06","60404E","ミヤマシキミ－アカガシ群集","60401","09"
"06","60405D","イスノキ－イワヤナギシダ群落","60401","09"
"06","60500","ケヤキ群落","60500","09"
"06","60500A","ケヤキ群落","60500","09"
"06","60500C","ケヤキ－チャボガヤ群集","60500","09"
"06","60500D","ケヤキ－コウヤワラビ群集","60500","09"
"06","60500E","ムクノキ－エノキ群落","60500","09"
"06","60500F","エノキ－ムクノキ群落","60500","09"
"06","60500G","ケヤキ－ムクノキ群集","60500","09"
"06","60500H","ヒメウワバミソウ－ケヤキ群集","60500","09"
"06","60500I","ミズキ－ウリノキ群落","60500","09"
"06","60500J","コクサギ－ケヤキ群集","60500","09"
"06","60501B","ケヤキ－イロハモミジ群集","60500","09"
"06","60501K","イロハモミジ－ケヤキ群集","60500","09"
"06","60600","アラカシ群落","60600","09"
"06","60600A","アラカシ群落","60600","09"
"06","60600B","アラカシ－ジャノヒゲ群集","60600","09"
"06","60601","アラカシ－ナンテン群集","60601","09"
"06","60602","アマミアラカシ群落","60602","09"
"06","60700","マテバシイ群落","60700","09"
"06","60800","イチイガシ群落","60800","09"
"06","60800A","イチイガシ群落","60800","09"
"06","60800B","イチイガシ群集","60800","09"
"06","60800C","ルリミノキ－イチイガシ群集","60800","09"
"06","60800D","ルリミノキ－イチイガシ群集ハナガガシ亜群集","60800","09"
"06","60900","シラカシ群集","60900","09"
"06","60900A","シラカシ群集","60900","09"
"06","60900B","シラカシ群落","60900","09"
"06","60900C","ツクバネガシ－シラカシ群集","60900","09"
"06","61000","サカキ－コジイ群集","61000","09"
"06","61000A","サカキ－コジイ群集","61000","09"
"06","61000B","シイ－カナメモチ群集","61000","09"
"06","61000D","シイ－トキワイカリソウ群集","61000","09"
"06","61000E","ツブラジイ－サカキ群集","61000","09"
"06","61000F","サカキ－コジイ群落","61000","09"
"06","61000G","コジイ－カナメモチ群集","61000","09"
"06","61000H","コジイ－クロバイ群集","61000","09"
"06","61000I","シロバイ－コジイ群落","61000","09"
"06","61100","シイモチ－シリブカガシ群集","61100","09"
"06","61100B","シリブカガシ群落","61100","09"
"06","61200","ホルトノキ群落","61200","09"
"06","61200A","ホルトノキ群落","61200","09"
"06","61200B","ムクノキ－ホルトノキ群落","61200","09"
"06","61300","スタジイ群落","61300","09"
"06","61300A","スタジイ群落","61300","09"
"06","61300B","コジイ群落","61300","09"
"06","61301","ヤブコウジ－スダジイ群集","61301","09"
"06","61301A","ヤブコウジ－スダジイ群集","61301","09"
"06","61301B","スダジイ－ヤブコウジ群集","61301","09"
"06","61301C","ヤブコウジ－スダジイ群落","61301","09"
"06","61302","ミミズバイ－スダジイ群集","61302","09"
"06","61302A","ミミズバイ－スダジイ群集","61302","09"
"06","61302B","スダジイ－ミミズバイ群集","61302","09"
"06","61302C","スダジイ－タイミンタチバナ群集","61302","09"
"06","61303","スダジイ－オオシマカンスゲ群集","61303","09"
"06","61303A","スダジイ－オオシマカンスゲ群集","61303","09"
"06","61303B","噴火の被害が軽微なスダジイ－オオシマカンスゲ群集","61303","09"
"06","61303C","噴火の被害が激甚なスダジイ林","61303","09"
"06","61304","ホソバカナワラビ－スダジイ群集","61304","09"
"06","61304A","ホソバカナワラビ－スダジイ群集","61304","09"
"06","61304B","スダジイ－ホソバカナワラビ群集","61304","09"
"06","61305","リュウキュウアオキ－スダジイ群集","61305","09"
"06","61306","アマミテンナンショウ－スダジイ群集","61306","09"
"06","61307","ケハダルリミノキ－スダジイ群集","61307","09"
"06","61308","オキナワシキミ－スダジイ群集","61308","09"
"06","61309","アオバナハイノキ－スダジイ群集","61309","09"
"06","61310","ヤクシマアジサイ－スダジイ群集","61310","09"
"06","61311","オキナワウラジロガシ群集","61311","09"
"06","61312","ヤマグルマ－ユズリハ群集","61312","09"
"06","61314","ケナガエサカキ－スダジイ群集","61314","09"
"06","61315","ヤワラケガキ－スダジイ群集","61315","09"
"06","61315B","ヤワラケガキ－スダジイ群落","61315","09"
"06","61316","スダジイ－トキワイカリソウ群集","61316","09"
"06","61400","タブ群落","61400","09"
"06","61400A","タブ群落","61400","09"
"06","61400B","タブノキ群落","61400","09"
"06","61400C","タブ－ヤブニッケイ群落","61400","09"
"06","61400D","タブ－ハドノキ群落","61400","09"
"06","61400E","噴火の被害が激甚なタブ林","61400","09"
"06","61401","イノデ－タブ群集","61401","09"
"06","61401A","イノデ－タブ群集","61401","09"
"06","61401B","タブ－イノデ群集","61401","09"
"06","61402","ムサシアブミ－タブ群落","61402","09"
"06","61402A","ムサシアブミ－タブ群落","61402","09"
"06","61402B","タブ－ムサシアブミ群集","61402","09"
"06","61402C","ムサシアブミ－タブ群集","61402","09"
"06","61500","カゴノキ群落","61500","09"
"06","61600","ホソバタブ群落","61600","09"
"06","61700","ウバメガシ群落","61700","09"
"06","61700A","ウバメガシ群落","61700","09"
"06","61700B","マルバニッケイ群落","61700","09"
"06","61700C","モクタチバナ群落","61700","09"
"06","61701","ウバメガシ－トベラ群集","61701","09"
"06","61701A","ウバメガシ－トベラ群集","61701","09"
"06","61701B","トベラ－ウバメガシ群集","61701","09"
"06","61702","マサキ－トベラ群集","61702","09"
"06","61702A","マサキ－トベラ群集","61702","09"
"06","61702B","トベラ－マサキ群集","61702","09"
"06","61702C","クロマツ－トベラ群落","61702","09"
"06","61703","オニヤブソテツ－ハマビワ群集","61703","09"
"06","61703A","オニヤブソテツ－ハマビワ群集","61703","09"
"06","61703B","ハマビワ－オニヤブソテツ群集","61703","09"
"06","61706","アカテツ－ハマビワ群集","61706","09"
"06","61800","アカマツ群落","61800","09"
"06","61800A","アカマツ群落","61800","09"
"06","61800B","アカマツ－イスノキ群落","61800","09"
"06","61900","クロマツ群落","61900","09"
"06","61900A","クロマツ群落","61900","09"
"06","62000","フサザクラ群団","62000","09"
"06","62000A","フサザクラ群団","62000","09"
"06","62000B","フサザクラ－タマアジサイ群集","62000","09"
"06","62000C","ラセイタタマアジサイ－ガクアジサイ群集","62000","09"
"06","62000D","オオバヤシャブシ－ラセイタタマアジサイ群落","62000","09"
"06","62100","ハンノキ群落","62100","09"
"06","62100A","ハンノキ群落","62100","09"
"06","62100B","ハンノキ林","62100","09"
"06","62200","河辺ヤナギ群落","62200","09"
"06","62200A","河辺ヤナギ低木群落","62200","09"
"06","62200B","河辺低木林","62200","09"
"06","62200E","アキニレ群落","62200","09"
"06","62200F","河辺ヤナギ低木林","62200","09"
"06","62200G","河辺低木ヤナギ群落","62200","09"
"06","62200H","河辺低木群落","62200","09"
"06","62201C","ネコヤナギ－タチヤナギ群落","62200","09"
"06","62202D","カワラハンノキ群落","62200","09"
"06","62300","ソテツ群落","62300","09"
"06","62400","ビロウ群落","62400","09"
"06","62400A","ビロウ群落","62400","09"
"06","62400B","ビロウ群落、ヤエヤマヤシ群落","62400","09"
"06","62400C","ビロウ群落、ヤシ群落","62400","09"
"06","62500","ナガミボチョウジ－クスノハカエデ群落","62500","09"
"06","62500A","ナガミボチョウジ－クスノハカエデ群落","62500","09"
"06","62500B","リュウキュウガキ－ナガミボチョウジ群落","62500","09"
"06","62600","マングローブ群落","62600","09"
"06","62800","ガジュマル－クロヨナ群集","62800","09"
"06","62900","アカギ群落","62900","09"
"06","63100","サガリバナ－サキシマスオウノキ群落","63100","09"
"06","63100B","サガリバナ－サキシマスオウ群落","63100","09"
"06","63200","リュウキュウマツ群落","63200","09"
"06","63300","コウヤマキ群落","63300","09"
"06","63400","ヤブツバキ群落","63400","09"
"06","63400B","ヤブツバキ林","63400","09"
"06","63500","イヌツゲ－ハイノキ群落","63500","09"
"06","63600","ツクバネガシ群落","63600","09"
"06","63700","クスノキ群落","63700","09"
"06","63800","ムニンヒメツバキ－コブガシ群集","63800","09"
"06","63900","ムニンヒメツバキ－シマオオタニワタリ群集","63900","09"
"06","64000","シマホルトノキ－ウドノキ群集","64000","09"
"06","64100","オガサワラボチョウジ－セキモンウライソウ群集","64100","09"
"06","64200","モクタチバナ－セキモンノキ群集","64200","09"
"06","64300","ハスノハギリ－モモタマナ群集","64300","09"
"06","64400","モモタマナ－テリハボク群落","64400","09"
"06","64500","オガサワラビロウ－タコノキ群集","64500","09"
"06","64600","タコノキ群落","64600","09"
"06","64700","ワダンノキ群集","64700","09"
"06","64800","コバノアカテツ－ムニンアオガンピ群集","64800","09"
"06","65000","コバノアカテツ－シマイスノキ群集","65000","09"
"06","65300","ハスノハギリ群集","65300","09"
"06","65400","イワシデ群落","65400","09"
"06","65400A","イワシデ群落","65400","09"
"06","65400B","イワシデ－イワツクバネウツギ群集","65400","09"
"06","65500","クヌギ群落","65500","09"
"06","65600","イヌマキ－ヒトツバ群落","65600","09"
"06","65700","シラカシ・ケヤキ屋敷林","65700","09"
"06","65800","ナギ群落","65800","09"
"06","65900","ガクアジサイ－ヒサカキ群落","65900","09"
"06","66000","チギ－オオバシロテツ群集","66000","09"
"06","66100","ハナガガシ群落","66100","09"
"06","66200","モクタチバナ－テリハコブガシ群集","66200","09"
"06","66300","岩壁植生","66300","10"
"07","70100","コナラ群落","70100","07"
"07","70100A","コナラ群落","70100","07"
"07","70100B","アベマキ群落","70100","07"
"07","70100C","クヌギ－コナラ群落","70100","07"
"07","70101","クヌギ－コナラ群集","70101","07"
"07","70101A","クヌギ－コナラ群集","70101","07"
"07","70101C","コナラ－クヌギ群集","70101","07"
"07","70101D","アカマツ－コナラ群落","70101","07"
"07","70103","コナラ－オニシバリ群集","70103","07"
"07","70103B","オニシバリ－コナラ群集","70103","07"
"07","70104","コナラ－クリ群落","70104","07"
"07","70104B","コナラ－クリ群集","70104","07"
"07","70106","コナラ－ノグルミ群落","70106","07"
"07","70106A","ヒトツバタゴ群落","70106","07"
"07","70106B","クヌギ群落","70101","07"
"07","70200","シイ・カシ萌芽林","70200","08"
"07","70200A","シイ・カシ萌芽林","70200","08"
"07","70200B","ウバメガシ－クロマツ群落","70200","08"
"07","70200C","シイ－カシ萌芽林","70200","08"
"07","70200D","シイ萌芽林","70200","08"
"07","70200E","噴火の被害が軽微なシイ萌芽林","70200","08"
"07","70200F","噴火の被害が激甚なシイ萌芽林","70200","08"
"07","70201","ハクサンボク－マテバシイ群落","70201","08"
"07","70201A","ハクサンボク－マテバシイ群落","70201","08"
"07","70201B","マテバシイ－ハクサンボク群落","70201","08"
"07","70202","オオシマザクラ－オオバエゴノキ群集","70202","08"
"07","70202A","オオシマザクラ－オオバエゴノキ群集","70202","08"
"07","70202B","噴火の被害が軽微なオオシマザクラ－オオバエゴノキ群集","70202","08"
"07","70202C","噴火の被害が激甚なオオシマザクラ－オオバエゴノキ群集","70202","08"
"07","70203","タブ－ヤブニッケイ幼木林","70203","08"
"07","70203A","タブ－ヤブニッケイ幼木林","70203","08"
"07","70203B","タブノキ－ヤブニッケイ幼木林","70203","08"
"07","70203C","タブ－ヤブニッケイ萌芽林","70203","08"
"07","70203D","ヤブニッケイ－タブ群落","70203","08"
"07","70300","伐跡群落","70300","04"
"07","70300A","伐跡群落","70300","04"
"07","70300D","伐採跡群落","70300","04"
"07","70301C","ベニバナボロギク－ダンドボロギク群落","70300","04"
"07","70301F","ベニバナボロギク－ダンドボロギク群集","70300","04"
"07","70302E","クサイチゴ－タラノキ群集","70300","04"
"07","70400","ササ・タケ群落","70400","05"
"07","70400A","ササ・タケ群落","70400","05"
"07","70400D","ヤダケ群落","70400","05"
"07","70400E","メダケ群落","70400","05"
"07","70400I","ホウライチク群落","70400","05"
"07","70400J","ホテイチク群落","70400","05"
"07","70401B","ヤダケ－メダケ群落","70400","05"
"07","70401C","メダケ－ヤダケ群落","70400","05"
"07","70402F","ダンチク群落","70400","05"
"07","70403H","リュウキュウチク群落","70400","05"
"07","70404G","ホウライチク－ゴキダケ群落","70400","05"
"07","70500","ギンネム群落","70500","05"
"07","70600","ススキ群団","70600","05"
"07","70600A","ススキ群団","70600","05"
"07","70600B","ススキ群落","70600","05"
"07","70600H","ススキ－トダシバ群集","70600","05"
"07","70600L","ススキ・ササ草地","70600","05"
"07","70601C","ネザサ－ススキ群集","70600","05"
"07","70601I","ネザサ－ススキ群落","70600","05"
"07","70601M","ススキ－ネザサ群集","70600","05"
"07","70602D","アズマネザサ－ススキ群集","70600","05"
"07","70602E","ススキ－アズマネザサ群集","70600","05"
"07","70602J","アジマネザサ－ススキ群落","70600","05"
"07","70603F","チガヤ－ススキ群落","70600","05"
"07","70603G","ススキ－チガヤ群落","70600","05"
"07","70603K","チガヤ－ススキ群集","70600","05"
"07","70603N","チガヤ群落","70600","05"
"07","70700","シバ群団","70700","04"
"07","70700B","シバ群落","70700","04"
"07","70800G","ハイキビ群落","70900","04"
"07","70900","路傍雑草群落","70900","04"
"07","70900A","路傍雑草群落","70900","04"
"07","70900E","ミノボロスゲ－オオバコ群落","70900","02"
"07","70900H","空地・埋立地植物群落","70900","02"
"07","70900I","踏跡群落","70900","02"
"07","70900J","踏跡群落・路傍雑草群落","70900","02"
"07","70901B","クズ－カナムグラ群落","70900","04"
"07","70902C","セイダカアワダチソウ群落","70900","02"
"07","70903D","ヨモギ群落","70900","04"
"07","71000","アカマツ群落","71000","07"
"07","71000A","アカマツ群落","71000","07"
"07","71000B","アカマツ－アカガシ群落","71000","07"
"07","71001","ヤマツツジ－アカマツ群集","71001","07"
"07","71001A","ヤマツツジ－アカマツ群集","71001","07"
"07","71001B","アカマツ－ヤマツツジ群集","71001","07"
"07","71002","オンツツジ－アカマツ群集","71002","07"
"07","71002A","オンツツジ－アカマツ群集","71002","07"
"07","71002B","アカマツ－オンツツジ群集","71002","07"
"07","71003","モチツツジ－アカマツ群集","71003","07"
"07","71003B","アカマツ－モチツツジ群集","71003","07"
"07","71004","コバノミツバツツジ－アカマツ群集","71004","07"
"07","71004A","コバノミツバツツジ－アカマツ群集","71004","07"
"07","71100","クロマツ群落","71100","07"
"07","72000","林縁性つる－低木群落","72000","05"
"07","72000A","林縁性つる－低木群落","72000","05"
"07","72000B","クズ群落","72000","05"
"07","72000C","マント群落","72000","05"
"07","72000D","クサトケイソウ群落","72000","05"
"07","72000E","マタタビ－ノブドウ群落","72000","05"
"07","72100","ヤブムラサキ－コナラ群落","72100","07"
"07","72100B","ヤブムラサキ－コナラ群集","72100","07"
"07","72200","ウバメガシ萌芽林","72200","08"
"07","72300","ヤブニッケイ－ヤマヤブソテツ群集","72300","08"
"07","72400","アカガシ萌芽林","72400","08"
"07","72500","コシダ－ウラジロ群落","72500","07"
"07","72500B","コシダ群落","72500","07"
"07","72600","アカシデ－イヌシデ群落","72600","07"
"07","72600B","イヌシデ－アカシデ群落","72600","07"
"07","72600C","シキミ－イヌシデ群落","72600","07"
"07","72700","オオバヤシャブシ群落","72700","07"
"07","72700B","オオバヤシャブシ二次林","72700","07"
"07","72700C","オオバヤシャブシ－ニオイウツギ群集","72700","07"
"07","72700D","噴火の被害が軽微なオオバヤシャブシ二次林","72700","07"
"07","72800","ニセアカシア群落","72800","07"
"07","72900","モミ群落","72900","07"
"07","73000","ツルダコ群落","73000","07"
"07","73100","マルハチ群集","73100","07"
"07","73200","シロガネムクノキ群集","73200","07"
"07","73300","オガサワラモクマオ群集","73300","07"
"07","73400","アカギ群落","73400","07"
"07","73500","アカマツ－サイゴクミツバツツジ群集","73500","07"
"07","73600","イヌシデ群落","73600","07"
"07","73700","アオノリュウゼツラン群落","73700","05"
"07","73800","アオモジ群落","73800","05"
"07","73900","アカメガシワ－カラスザンショウ群落","73900","05"
"07","74000","オニチカラシバ群落","74000","04"
"07","74100","クサギ－アカメガシワ群団","74100","07"
"07","74200","ケヤキ－シラカシ群落","74200","07"
"07","74300","コトブキギク－モンパノキ群落","74300","05"
"07","74400","サイザルアサ群落","74400","05"
"07","74500","シチヘンゲ群落","74500","05"
"07","74600","シマチカラシバ－スズメノコビエ群落","74600","05"
"07","74700","スズメノコビエ－シマスズメノヒエ群落","74700","05"
"07","74800","トベラ－マサキ萌芽林","74800","07"
"07","74900","ハタガヤ－キバナヒメフウチョウソウ群落","74900","05"
"07","75000","ハチジョウアザミ群落","75000","05"
"07","75100","ハリケンススキ群落","75100","05"
"07","75200","ヒサカキ二次低木林","75200","05"
"07","75300","フサザクラ群落","75300","07"
"07","75400","ホクチガヤ群落","75400","05"
"07","75500","河辺落葉高木群落","75500","07"
"07","75600","崩壊地・のり面草本植生","75600","05"
"07","75700","落葉低木群落","75700","07"
"08","80100","ツルコケモモ－ミズゴケクラス","80100","10"
"08","80100A","ツルコケモモ－ミズゴケクラス","80100","10"
"08","80100B","高層湿原","80100","10"
"08","80200","ヌマガヤオーダー","80200","10"
"08","80200A","ヌマガヤオーダー","80200","10"
"08","80200B","中間湿原","80200","10"
"08","80300","ヨシクラス","80300","10"
"08","80300A","ヨシクラス","80300","10"
"08","80300B","ヨシ群落","80300","10"
"08","80300C","低層湿原","80300","10"
"08","80300D","湿地植生","80300","10"
"08","80301","ミゾソバ－ヨシ群落","80301","05"
"08","80400","ウキクサクラス・ヒルムシロクラス","80400","10"
"08","80400A","ウキクサクラス・ヒルムシロクラス","80400","10"
"08","80400B","ウキクサクラス","80400","10"
"08","80400C","水生植物群落","80400","10"
"08","80400D","浮葉・沈水植物群落","80400","10"
"08","80500","ツルヨシ群集","80500","10"
"08","80500A","ツルヨシ群集","80500","10"
"08","80500B","ツルヨシ群落","80500","10"
"08","80500C","ツルヨシ群落など","80500","10"
"08","80600","オギ群集","80600","10"
"08","80600A","オギ群集","80600","10"
"08","80600D","河原荒地・草地","80600","10"
"08","80600E","河川敷砂礫地植生","80600","10"
"08","80600F","オギ群集など","80600","10"
"08","80600G","ホッスガヤ群落","80600","10"
"08","80700","塩沼地植生","80700","10"
"08","80700A","塩沼地植生","80700","10"
"08","80700C","塩沼地群落","80700","10"
"08","80700D","ヒトモトススキ群落","80700","10"
"08","80700E","ハマジンチョウ群落","80700","10"
"08","80700F","シオクグ群落","80700","10"
"08","80701","アマモクラス","80701","10"
"08","80703","ハママツナ－ハマサジ群落","80703","10"
"08","80800","ハマボウ群落","80800","10"
"08","80800A","ハマボウ群落","80800","10"
"08","80800B","オオハマボウ群集","80800","10"
"08","80900","砂丘植生","80900","10"
"08","80900A","砂丘植生","80900","10"
"08","80900B","海岸砂丘植生","80900","10"
"08","80900D","ツキイゲ群落","80900","10"
"08","80900E","ハマゴウ群落","80900","10"
"08","80900F","砂丘植物","80900","10"
"08","80901","ハマニンニク－コウボウムギ群落","80901","10"
"08","80904","ハマナス群落","80904","10"
"08","80905","オカヒジキ－ハマベンケイソウ群落","80905","10"
"08","80906","グンバイヒルガオ－クロイワザサ群落","80906","10"
"08","80906B","グンバイヒルガオ群落","80906","10"
"08","81000","ハチジョウススキ群落","81000","10"
"08","81000A","ハチジョウススキ群落","81000","10"
"08","81000C","ハチジョウススキ－イソギク群集","81000","10"
"08","81001","イソギク－ハチジョウススキ群集","81001","10"
"08","81003F","ノジギク群落","82300","10"
"08","81006B","オキナワギク－ハチジョウススキ群集","81000","10"
"08","81200","石灰岩地植物群落","81200","10"
"08","81200A","石灰岩地植物群落","81200","10"
"08","81200B","石灰岩地植生","81200","10"
"08","81200D","コハマギク群落","82300","10"
"08","81300","コウライシバ群落","81300","10"
"08","81300A","コウライシバ群落","81300","10"
"08","81300B","シバ草原","81300","10"
"08","81300C","ソナレシバ群落","81300","10"
"08","81300D","ハイシバ群落","81300","10"
"08","81400","隆起珊瑚礁植生","81400","10"
"08","81400A","隆起珊瑚礁植生","81400","10"
"08","81400B","コハマジンチョウ群集","81400","10"
"08","81400C","隆起サンゴ礁植生","81400","10"
"08","81401","イソマツ－モクビャッコウ群集","81401","10"
"08","81401B","モクビャッコウ群落","81401","10"
"08","81402","クサトベラ－モンパノキ群集","81402","10"
"08","81402B","モンパノキ群落","81402","10"
"08","81602","オオバヤシャブシ－ニオイウツギ群集","81602","09"
"08","81700","火山荒原植生・硫気孔原植生","81700","10"
"08","81700A","火山荒原植生・硫気孔原植生","81700","10"
"08","81700B","イタドリ－コメススキ群落","81700","10"
"08","81700C","火山荒原植生","81700","10"
"08","81700G","ヤシャブシ群落","81700","10"
"08","81700I","荒原植物群落","81700","10"
"08","81700J","火山荒原植物群落","81700","10"
"08","81700K","火山性ヤシャブシ群落","81700","10"
"08","81700L","クロマツ－ヤシャブシ群落","81700","10"
"08","81700M","コケ型火山荒原","81700","10"
"08","81700O","ハチジョウイタドリ群落","81700","10"
"08","81701D","イタドリ－タマシダ群落","81700","10"
"08","81702N","シマタヌキラン－ハチジョウイタドリ群集","81700","10"
"08","81800H","硫気孔原植生","81700","10"
"08","81900","湿原","81900","10"
"08","82000","ニセアカシア河敷林","82000","07"
"08","82100","ハマグルマ－コウボウムギ群落","82100","10"
"08","82100B","ハマグルマ－コウボウムギ群集","82100","10"
"08","82200","ハマグルマ－ハマゴウ群落","82200","10"
"08","82200B","ハマグルマ－ハマゴウ群集","82200","10"
"08","82300","海崖草本植物群落","82300","10"
"08","82300A","海崖草本植物群落","82300","10"
"08","82300B","海岸段崖植生","82300","10"
"08","82300C","海崖植生","82300","10"
"08","82300E","クサトベラ群落","82300","10"
"08","82500","オガサワラススキ群集","82500","10"
"08","82600","ホナガソウ群落","82600","10"
"08","82700","ハイビャクシン群落","82700","10"
"08","82800","アダン－オオハマボウ群落","82800","10"
"08","82900","塩生植生","82900","10"
"08","83000","カワラヨモギ群落","83000","10"
"08","83100","アカメガシワ－カニクサ群落","83100","10"
"08","83200","イガガヤツリ群落","83200","10"
"08","83300","オオバヤシャブシ－ハチジョウススキ群落","83300","10"
"08","83400","クグテンツキ－フタバムグラ群落","83400","10"
"08","83500","スベリヒユ－オヒシバ群落","83500","10"
"08","83600","トゲミウドノキ群落","83600","10"
"08","83700","ホシクサ－コイヌノハナヒゲ群団","83700","10"
"08","83800","タマシダ群落","83800","10"
"09","90100","常緑針葉樹植林","90100","06"
"09","90100A","常緑針葉樹植林","90100","06"
"09","90100B","マツ植林","90100","06"
"09","90100E","リュウキュウマツ林","90100","06"
"09","90100I","イヌマキ植林","90100","06"
"09","90101","アカマツ植林","90101","06"
"09","90101A","アカマツ植林","90101","06"
"09","90102","クロマツ植林","90102","06"
"09","90102A","クロマツ植林","90102","06"
"09","90102B","海岸砂丘地クロマツ植林","90102","06"
"09","90103","スギ・ヒノキ・サワラ植林","90103","06"
"09","90103A","スギ・ヒノキ・サワラ植林","90103","06"
"09","90103B","スギ・ヒノキ植林","90103","06"
"09","90103C","スギ植林","90103","06"
"09","90104","エゾマツ植林","90104","06"
"09","90105","トドマツ植林","90105","06"
"09","90106","アカエゾマツ植林","90106","06"
"09","90107C","ウラジロモミ植林","90100","06"
"09","90108D","リュウキュウマツ植林","90100","06"
"09","90110F","ヒノキアスナロ植林","90100","06"
"09","90115H","シラビソ植林","90100","06"
"09","90200","落葉針葉樹植林","90200","06"
"09","90200A","落葉針葉樹植林","90200","06"
"09","90201B","カラマツ植林","90200","06"
"09","90300","外国産針葉樹植林","90300","03"
"09","90300A","外国産針葉樹植林","90300","03"
"09","90400","常緑広葉樹植林","90400","06"
"09","90400A","常緑広葉樹植林","90400","06"
"09","90400C","ガジュマル林","90400","06"
"09","90400D","ツゲ植林","90400","06"
"09","90400E","ヤブツバキ植林","90400","06"
"09","90401B","クスノキ植林","90400","06"
"09","90402","マテバシイ植林","90402","06"
"09","90500","落葉広葉樹植林","90500","06"
"09","90500A","落葉広葉樹植林","90500","06"
"09","90500B","クヌギ植林","90500","06"
"09","90500C","クヌギ群落","90500","06"
"09","90500D","サクラ植林","90500","06"
"09","90500F","クヌギ－コナラ植林","90500","06"
"09","90500G","ケヤキ植林","90500","06"
"09","90500I","落葉広葉樹","90500","06"
"09","90500J","オオバヤシャブシ植林","90500","06"
"09","90500K","オニグルミ植林","90500","06"
"09","90507E","ヤマハンノキ植林","90500","06"
"09","90507H","ケヤマハンノキ植林","90500","06"
"09","90600","外国産広葉樹植林","90600","03"
"09","90600A","外国産広葉樹植林","90600","03"
"09","90600C","モクマオウ林","90600","03"
"09","90600D","外国産樹種植林","90600","03"
"09","90600E","ニセアカシア植林","90600","03"
"09","90600G","モクマオウ植林","90600","03"
"09","90600H","ソウシジュ林","90600","03"
"09","90600I","ソウシジュ植林","90600","03"
"09","90700","竹林","90700","07"
"09","90700A","竹林","90700","07"
"09","90700C","モウソウチク植林","90700","07"
"09","90700F","マダケ林","90700","07"
"09","90700G","ホウライチク林","90700","07"
"09","90700H","ホテイチク林","90700","07"
"09","90701B","モウソウチク林","90700","07"
"09","90702D","マダケ・ハチク林","90700","07"
"09","90800","常緑果樹園","90800","03"
"09","90900","落葉果樹園","90900","03"
"09","90900A","落葉果樹園","90900","03"
"09","90900D","落葉果樹園・ハゼノキ植栽","90900","03"
"09","91000","桑園","91000","03"
"09","91000B","桑畑","91000","03"
"09","91100","茶畑","91100","03"
"09","91100B","茶園","91100","03"
"09","91200","苗圃","91200","03"
"09","91300","畑地雑草群落","91300","02"
"09","91300A","畑地雑草群落","91300","02"
"09","91300B","畑地","91300","02"
"09","91300D","耕作畑雑草群落","91300","02"
"09","91400","休耕畑地雑草群落","91400","04"
"09","91400A","休耕畑地雑草群落","91400","04"
"09","91400B","ヒメムカシヨモギ－オオアレチノギク群落","91400","04"
"09","91400D","耕作放棄地雑草群落","91400","04"
"09","91400E","休耕畑地","91400","04"
"09","91400G","オオアレチノギク－ヒメムカシヨモギ群落","91400","04"
"09","91500","牧草地","91500","02"
"09","91500A","牧草地","91500","02"
"09","91500C","人工草地","91500","02"
"09","91500D","牧草地、ゴルフ場、飛行場","91500","02"
"09","91500E","ゴルフ場、公園芝地、シバ－チドメグサ群集","91500","02"
"09","91500F","牧草地、人工草地","91500","02"
"09","91500G","牧草地、ゴルフ場、スキー場","91500","02"
"09","91500H","飛行場","91500","02"
"09","91500I","牧草地、飛行場","91500","02"
"09","91500J","ゴルフ場、飛行場の芝地","91500","02"
"09","91500K","牧草地、ゴルフ場","91500","02"
"09","91500L","牧草地、ゴルフ場、採草地","91500","02"
"09","91500N","人工草地、ゴルフ場","91500","02"
"09","91500O","牧草地、ゴルフ場、飛行場、採草地","91500","02"
"09","91501B","ゴルフ場","91500","02"
"09","91501M","ゴルフ場、飛行場","91500","02"
"09","91600","水田雑草群落","91600","02"
"09","91600A","水田雑草群落","91600","02"
"09","91600B","水田","91600","02"
"09","91700","休耕田雑草群落","91700","04"
"09","91700A","休耕田雑草群落","91700","04"
"09","91700B","休耕田","91700","04"
"09","91700C","ヨシ群落","91700","04"
"09","91800","テリハボク林","91800","06"
"09","91900","オオハマボウ林","91900","06"
"09","92000","ビロウ植林","92000","06"
"09","92100","マルバアキグミ植林","92100","06"
"10","A0000","不明区分","A0000","00"
"10","A0100","市街地","A0100","01"
"10","A0100A","市街地","A0100","01"
"10","A0100B","集落","A0100","01"
"10","A0200","緑の多い住宅地","A0200","02"
"10","A0200A","緑の多い住宅地","A0200","02"
"10","A0200B","公園、墓地","A0200","02"
"10","A0200C","公園、墓地等","A0200","02"
"10","A0200D","公園","A0200","02"
"10","A0200E","緑の多い住宅地、公園、樹苑等","A0200","02"
"10","A0200F","緑の多い住宅地、公園、墓地","A0200","02"
"10","A0200G","緑の多い住宅地、公園、墓地等","A0200","02"
"10","A0200H","緑の多い住宅地、公園、運動公園、研究所、墓地等","A0200","02"
"10","A0200I","緑の多い住宅地、公園、墓地、樹苑等","A0200","02"
"10","A0200J","緑の多い住宅地、墓地、公園等","A0200","02"
"10","A0300","工場地帯","A0300","01"
"10","A0300B","工業地帯","A0300","01"
"10","A0300C","工場","A0300","01"
"10","A0400","造成地","A0400","01"
"10","A0400A","造成地","A0400","01"
"10","A0400E","造成地、採石場","A0400","01"
"10","A0400G","造成地、採石場、人為裸地","A0400","01"
"10","A0400H","造成地、採石場、人為裸地、焼跡","A0400","01"
"10","A0400J","造成地、ボタ山、採石場","A0400","01"
"10","A0400K","造成地、採石地","A0400","01"
"10","A0400L","造成地、裸地","A0400","01"
"10","A0402C","ボタ山","A0400","01"
"10","A0403D","採石場","A0400","01"
"10","A0403I","採石地","A0400","01"
"10","A0500","干拓地","A0500","01"
"10","A0600","開放水域","A0600","99"
"10","A0600A","開放水域","A0600","99"
"10","A0600C","開放水域","A0600","99"
"10","A0700","自然裸地","A0700","98"
"10","A0900","廃塩田","A0900","01"
"10","A1000","広いコンクリート地","A1000","01"
